
CREATE TABLE TINH(
	MATINH varchar(5) PRIMARY KEY,
	TENTINH nvarchar(100) NOT NULL
);

CREATE TABLE SANVD(
	MASAN varchar(5) PRIMARY KEY,
	TENSAN nvarchar(100) NOT NULL,
	DIACHI nvarchar(200) 
);

CREATE TABLE CAULACBO (
	MACLB varchar(5) PRIMARY KEY,
	TENCLB nvarchar (100) NOT NULL,
	MASAN varchar(5) NOT NULL,
	MATINH varchar(5) NOT NULL
	FOREIGN KEY(MASAN) REFERENCES SANVD(MASAN) ,
	FOREIGN KEY(MATINH) REFERENCES TINH(MATINH)  
);

CREATE TABLE QUOCGIA(
	MAQG varchar(5) PRIMARY KEY,
	TENQG nvarchar(60) NOT NULL
);

CREATE TABLE CAUTHU (
	MACT INT IDENTITY(1,1) NOT NULL,
	HOTEN nvarchar(100) NOT NULL,
	VITRI nvarchar(20) NOT NULL, 
	NGAYSINH DATE,
	DIACHI  nvarchar(200),
	MACLB varchar(5) NOT NULL,
	MAQG varchar(5) NOT NULL,
	SO int NOT NULL,
	PRIMARY KEY (MACT),
	FOREIGN KEY (MACLB) REFERENCES CAULACBO(MACLB)  ,
	FOREIGN KEY (MAQG) REFERENCES QUOCGIA(MAQG)  
);

CREATE TABLE BANGXH(
	MACLB varchar(5) NOT NULL,
	NAM int NOT NULL,
	VONG int NOT NULL,
	SOTRAN int NOT NULL,
	THANG int NOT NULL,
	HOA int NOT NULL,
	THUA int NOT NULL,
	HIEUSO varchar(5) NOT NULL,
	DIEM int NOT NULL,
	HANG int NOT NULL,
	FOREIGN KEY (MACLB) REFERENCES CAULACBO(MACLB)  ,
	CONSTRAINT PK_BANGXH PRIMARY KEY 
		(
			MACLB,
			NAM,
			VONG
		)

);




CREATE TABLE HUANLUYENVIEN(
	MAHLV  varchar(5) PRIMARY KEY,
	TENHLV nvarchar (100) NOT NULL,
	NGAYSINH DATE,
	DIACHI  varchar(200),
	DIENTHOAI varchar(20),
	MAQG varchar(5) NOT NULL,
	FOREIGN KEY (MAQG) REFERENCES QUOCGIA(MAQG)  
	
);

CREATE TABLE HLV_CLB(
	MAHLV  varchar(5) NOT NULL,
	MACLB varchar(5) NOT NULL,
	VAITRO nvarchar(100) NOT NULL,
	PRIMARY KEY (MAHLV, MACLB),
	FOREIGN KEY (MAHLV) REFERENCES HUANLUYENVIEN(MAHLV) ,
	FOREIGN KEY (MACLB) REFERENCES CAULACBO(MACLB)  
);

CREATE TABLE TRANDAU(
	MATRAN INT IDENTITY(1,1) PRIMARY KEY,
	NAM int NOT NULL,
	VONG int NOT NULL,
	NGAYTD date NOT NULL,
	MACLB1 varchar(5)NOT NULL,
	MACLB2 varchar(5)NOT NULL,
	MASAN varchar(5) NOT NULL,
	KETQUA varchar(5)NOT NULL,
	FOREIGN KEY (MASAN) REFERENCES SANVD(MASAN) ,
	FOREIGN KEY (MACLB1) REFERENCES CAULACBO(MACLB) ,
	FOREIGN KEY (MACLB2) REFERENCES CAULACBO(MACLB) 
);

-- ALTER TABLE CAULACBO
-- ADD CONSTRAINT fkSanVD FOREIGN KEY (MASAN) REFERENCES SANVD(MASAN),
-- ADD CONSTRAINT fkTinh FOREIGN KEY (MATINH) REFERENCES TINH(MATINH);

-- ALTER TABLE CAUTHU
-- ADD CONSTRAINT fkCLB FOREIGN KEY (MACLB) REFERENCES CAULACBO(MACLB),
-- ADD CONSTRAINT fkQG FOREIGN KEY (MAQG) REFERENCES QUOCGIA(MAQG);


-- ALTER TABLE HLV_CLB
-- ADD CONSTRAINT fkHLV FOREIGN KEY (MAHLV) REFERENCES HUANLUYENVIEN(MAHLV),
-- ADD CONSTRAINT fkCLB FOREIGN KEY (MACLB) REFERENCES CAULACBO(MACLB);

-- ALTER TABLE TRANDAU
-- ADD CONSTRAINT fkSanVD FOREIGN KEY (MASAN) REFERENCES SANVD(MASAN),
-- ADD CONSTRAINT fkCLB1 FOREIGN KEY (MACLB1) REFERENCES CAULACBO(MACLB),
-- ADD CONSTRAINT fkCLB2 FOREIGN KEY (MACLB2) REFERENCES CAULACBO(MACLB);

-- ALTER TABLE HUANLUYENVIEN
-- ADD CONSTRAINT fkQG FOREIGN KEY (MAQG) REFERENCES QUOCGIA(MAQG);

-- ALTER TABLE BANGXH
-- ADD CONSTRAINT fkCLB FOREIGN KEY (MACLB) REFERENCES CAULACBO(MACLB);


INSERT INTO TINH(MATINH, TENTINH)
VALUES 
('BD', N'Bình Dương' ),
('GL', N'Gia Lai'),
('DN', N'Đà Nẵng'),
('KH', N'Khánh Hoà'),
('PY', N'Phú Yên'),
('LA', N'Long An');

INSERT INTO SANVD(MASAN, TENSAN, DIACHI)
VALUES 
('GD', N'Gò Đậu', N'123 QL1, TX Thủ Dầu Một, Bình Dương' ),
('PL', N'Pleiku', N'22 Hồ Tùng Mậu, Thống Nhất, Thị xã Pleiku, Gia Lai'),
('CL', N'Chi Lăng', N'127 Võ Văn Tần, Đà Nẵng'),
('NT', N'Nha Trang', N'128 Phan Chu Trinh, Nha Trang, Khánh Hoà'),
('TH', N'Tuy Hoà', N'57 Trường Chinh, Tuy Hoà, Phú Yên'),
('LA', N'Long An', N'102 Hùng Vương, Tp Tân An, Long An');

INSERT INTO CAULACBO(MACLB, TENCLB, MASAN, MATINH)
VALUES
('BBD', N'BECAMEX BÌNH DƯƠNG', 'GD', 'BD'),
('HAGL',N'HOÀNG ANH GIA LAI','PL','GL'),
('SDN', N'SHB ĐÀ NẴNG', 'CL', 'DN'),
('KKH',N'KHATOCO KHÁNH HOÀ', 'NT', 'KH'),
('TPY', N'THÉP PHÚ YÊN', 'TH', 'PY'),
('GDT', N'GẠCH ĐỒNG TÂM LONG AN','LA', 'LA');

INSERT INTO QUOCGIA(MAQG, TENQG)
VALUES
('VN', N'Việt Nam'),
('ANH', N'Anh Quốc'),
('TBN', N'Tây Ban Nha'),
('BDN', N'Bồ Đào Nha'),
('BRA', N'Bra-xin'),
('ITA',N'Ý'),
('THA',N'Thái Lan');

INSERT INTO CAUTHU(HOTEN, VITRI, NGAYSINH, MACLB, MAQG, SO)
VALUES
(N'Nguyễn Vũ Phong', N'Tiền vệ', '1990-02-20', 'BBD', 'VN', 17),
(N'Nguyễn Công Vinh', N'Tiền đạo','1992-03-10','HAGL','VN', 9),
(N'Trần Tấn Tài', N'Tiền vệ', '1989-11-12', 'BBD', 'VN', 8),
(N'Phan Hồng Sơn',N'Thủ môn', '1991-06-10','HAGL', 'VN',1),
('Ronaldo', N'Tiền vệ', '1989-12-12', 'SDN', 'BRA', 7),
('Robinho',N'Tiền vệ', '1989-10-12','SDN','BRA',8),
('Vidic', N'Hậu vệ', '1987-10-15', 'HAGL', 'ANH',3),
(N'Trần Văn Santos', N'Thủ môn', '1990-10-21', 'BBD','BRA',1),
(N'Nguyễn Trường Sơn', N'Hậu vệ', '1993-8-26', 'BBD', 'VN', 4);


INSERT INTO HUANLUYENVIEN(MAHLV, TENHLV , NGAYSINH,  DIENTHOAI, MAQG)
VALUES
('HLV01', 'Vital', '1995-10-15', '0918011075', 'BDN'),
('HLV02', N'Lê Huỳnh Đức', '1972-05-20', '01223456789', 'VN'),
('HLV03', N'Kiatisuk', '1970-12-11', '01990123456', 'THA'),
('HLV04',N'Hoàng Anh Tuấn', '1970-06-10', '0989112233', 'VN'),
('HLV05', N'Trần Công Minh', '1973-07-02', '0909099990', 'VN'),
('HLV06', N'Trần Văn Phúc', '1965-03-02','01650101234', 'VN');

INSERT INTO HLV_CLB(MAHLV, MACLB, VAITRO)
VALUES 
('HLV01', 'BBD', N'HLV Chính'),
('HLV02', 'SDN', N'HLV Chính'),
('HLV03','HAGL',N'HLV Chính'),
('HLV04','KKH',N'HLV Chính'),
('HLV05', 'GDT', N'HLV Chính'),
('HLV06', 'BBD', N'HLV thủ môn');

INSERT INTO TRANDAU(NAM, VONG, NGAYTD, MACLB1, MACLB2, MASAN, KETQUA)
VALUES
(2009, 1, '2009-2-7', 'BBD', 'SDN', 'GD', '3-0'),
(2009, 1, '2009-2-7', 'KKH', 'GDT', 'NT','1-1'),
(2009, 2, '2009-2-16', 'SDN', 'KKH', 'CL', '2-2'),
(2009, 2, '2009-2-16', 'TPY', 'GDT', 'TH', '5-0'),
(2009, 3, '2009-3-1', 'TPY', 'BBD', 'NT','0-2'),
(2009, 3, '2009-3-1', 'KKH', 'BBD', 'NT', '0-1'),
(2009, 4, '2009-3-7', 'KKH', 'TPY', 'NT', '1-0'),
(2009, 4, '2009-3-7', 'BBD', 'GDT', 'GD', '2-2');

INSERT INTO BANGXH(MACLB, NAM, VONG, SOTRAN, THANG, HOA, THUA, HIEUSO, DIEM, HANG)
VALUES
('BBD',2009, 1, 1, 1, 0, 0, '3-0', 3, 1),
('KKH',2009, 1, 1, 0, 1, 0, '1-1', 1, 2),
('GDT',2009, 1, 1, 0, 1, 0, '1-1', 1, 3),
('TPY',2009, 1, 0, 0, 0, 0, '0-0', 0, 4),
('SDN',2009, 1, 1, 0, 0, 1, '0-3', 0, 5),
('TPY',2009, 2, 1, 1, 9, 0, '5-0', 3, 1),
('BBD',2009, 2, 2, 1, 0, 1, '3-5', 3, 2),
('KKH',2009, 2, 2, 0, 2, 0, '3-3', 2, 3),
('GDT',2009, 2, 1, 0, 1, 0, '1-1', 1, 4),
('SDN',2009, 2, 2, 1, 1, 0, '2-5', 1, 5),
('BBD',2009, 3, 3, 2, 0, 1, '4-5', 6, 1),
('GDT',2009, 3, 2, 1, 1, 0, '3-1', 4, 2),
('TPY',2009, 3, 2, 1, 0, 1, '5-2', 3, 3),
('KKH',2009, 3, 3, 0, 2, 1, '3-4', 2, 4),
('SDN',2009, 3, 2, 1, 1, 0, '2-5', 1, 5),
('BBD',2009, 4, 4, 2, 1, 1, '6-7', 7, 1),
('GDT',2009, 4, 3, 1, 2, 0, '5-1', 5, 2),
('KKH',2009, 4, 4, 1, 2, 1, '4-4', 5, 3),
('TPY',2009, 4, 3, 1, 0, 2, '5-3', 3, 4);

